key,file,chamber,family,row_count,size_bytes,sha256,url,path
house_candidates,HouseCandidatesDownload-31496.csv,house,candidates,1126,70226,d540eef112c69909a88eaee332812002a3d266e92d2a95077bc5921bb1a00935,https://results.aec.gov.au/31496/Website/Downloads/HouseCandidatesDownload-31496.csv,data/raw/aec/2025_federal/31496/final/HouseCandidatesDownload-31496.csv
house_elected,HouseMembersElectedDownload-31496.csv,house,outcomes,150,9554,2bb8da54d136fcb93b2b775d59f0d234998583966e00d35645f4df8e4d38b32c,https://results.aec.gov.au/31496/Website/Downloads/HouseMembersElectedDownload-31496.csv,data/raw/aec/2025_federal/31496/final/HouseMembersElectedDownload-31496.csv
house_fp_vote_type,HouseFirstPrefsByCandidateByVoteTypeDownload-31496.csv,house,first_preferences,1276,120059,b4ff38969ed49fc09c89a5c84a7d5b6a4046ad53b5f4e3492e0e4e73beba17a9,https://results.aec.gov.au/31496/Website/Downloads/HouseFirstPrefsByCandidateByVoteTypeDownload-31496.csv,data/raw/aec/2025_federal/31496/final/HouseFirstPrefsByCandidateByVoteTypeDownload-31496.csv
house_fp_polling_nsw,HouseStateFirstPrefsByPollingPlaceDownload-31496-NSW.csv,house,first_preferences_polling_place,27838,2533146,7f1d18a7b2c651568e5920197714ed6d32ed8997c2658a17c33a3f3be8e8bb6d,https://results.aec.gov.au/31496/Website/Downloads/HouseStateFirstPrefsByPollingPlaceDownload-31496-NSW.csv,data/raw/aec/2025_federal/31496/final/HouseStateFirstPrefsByPollingPlaceDownload-31496-NSW.csv
house_fp_polling_vic,HouseStateFirstPrefsByPollingPlaceDownload-31496-VIC.csv,house,first_preferences_polling_place,17439,1609102,fab249c312756274ae9851bdf83c435752ee4a2027ee46e65883baefd3d9c63c,https://results.aec.gov.au/31496/Website/Downloads/HouseStateFirstPrefsByPollingPlaceDownload-31496-VIC.csv,data/raw/aec/2025_federal/31496/final/HouseStateFirstPrefsByPollingPlaceDownload-31496-VIC.csv
house_fp_polling_qld,HouseStateFirstPrefsByPollingPlaceDownload-31496-QLD.csv,house,first_preferences_polling_place,14569,1354540,0062ad05dc02a4838a8b44016aaf1276602200e4b2f2316573d0154d37f455f3,https://results.aec.gov.au/31496/Website/Downloads/HouseStateFirstPrefsByPollingPlaceDownload-31496-QLD.csv,data/raw/aec/2025_federal/31496/final/HouseStateFirstPrefsByPollingPlaceDownload-31496-QLD.csv
house_fp_polling_wa,HouseStateFirstPrefsByPollingPlaceDownload-31496-WA.csv,house,first_preferences_polling_place,7211,667429,fc99c2a3bb029cbe5406bec1955f38526cfea75a9f49307279862962edeacde8,https://results.aec.gov.au/31496/Website/Downloads/HouseStateFirstPrefsByPollingPlaceDownload-31496-WA.csv,data/raw/aec/2025_federal/31496/final/HouseStateFirstPrefsByPollingPlaceDownload-31496-WA.csv
house_fp_polling_sa,HouseStateFirstPrefsByPollingPlaceDownload-31496-SA.csv,house,first_preferences_polling_place,6659,603950,938eddb477b79eba2648f4404f48c6c95a057cb1ea335b7b3c38ee9200c3e33b,https://results.aec.gov.au/31496/Website/Downloads/HouseStateFirstPrefsByPollingPlaceDownload-31496-SA.csv,data/raw/aec/2025_federal/31496/final/HouseStateFirstPrefsByPollingPlaceDownload-31496-SA.csv
house_fp_polling_tas,HouseStateFirstPrefsByPollingPlaceDownload-31496-TAS.csv,house,first_preferences_polling_place,2487,222066,8ef535c79d3bd42b9bc51db365218c755d7051e5e11197e277bc14f28e718ff0,https://results.aec.gov.au/31496/Website/Downloads/HouseStateFirstPrefsByPollingPlaceDownload-31496-TAS.csv,data/raw/aec/2025_federal/31496/final/HouseStateFirstPrefsByPollingPlaceDownload-31496-TAS.csv
house_fp_polling_act,HouseStateFirstPrefsByPollingPlaceDownload-31496-ACT.csv,house,first_preferences_polling_place,829,73837,bd326992c5d402a308bec8406407190fc7d248d13e450a3a23271cf277386498,https://results.aec.gov.au/31496/Website/Downloads/HouseStateFirstPrefsByPollingPlaceDownload-31496-ACT.csv,data/raw/aec/2025_federal/31496/final/HouseStateFirstPrefsByPollingPlaceDownload-31496-ACT.csv
house_fp_polling_nt,HouseStateFirstPrefsByPollingPlaceDownload-31496-NT.csv,house,first_preferences_polling_place,652,66107,13b75b30f44a4c5ff8b89d21fd96ef50efc91ce7c43dece1115b975035f24b19,https://results.aec.gov.au/31496/Website/Downloads/HouseStateFirstPrefsByPollingPlaceDownload-31496-NT.csv,data/raw/aec/2025_federal/31496/final/HouseStateFirstPrefsByPollingPlaceDownload-31496-NT.csv
house_tcp_vote_type,HouseTcpByCandidateByVoteTypeDownload-31496.csv,house,two_candidate_preferred,300,28907,870d7d326df7f59cf3c0638045eb0a42722f39b2b40b1b7e475d31a15bd221b7,https://results.aec.gov.au/31496/Website/Downloads/HouseTcpByCandidateByVoteTypeDownload-31496.csv,data/raw/aec/2025_federal/31496/final/HouseTcpByCandidateByVoteTypeDownload-31496.csv
house_tcp_polling,HouseTcpByCandidateByPollingPlaceDownload-31496.csv,house,two_candidate_preferred_polling_place,17880,1589122,c9330f2b46ce74a4a8e64fc7b56842e899dc24c252cca44077da496f9ff1049c,https://results.aec.gov.au/31496/Website/Downloads/HouseTcpByCandidateByPollingPlaceDownload-31496.csv,data/raw/aec/2025_federal/31496/final/HouseTcpByCandidateByPollingPlaceDownload-31496.csv
house_tpp_state,HouseTppByStateDownload-31496.csv,house,two_party_preferred_state,8,921,ab8c08ec8090671a16f87f66430a376c358e9ad10164d4f65172d7e0e7760e29,https://results.aec.gov.au/31496/Website/Downloads/HouseTppByStateDownload-31496.csv,data/raw/aec/2025_federal/31496/final/HouseTppByStateDownload-31496.csv
house_tpp_division,HouseTppByDivisionDownload-31496.csv,house,two_party_preferred_division,150,8872,6f48350be330f9d3424137f94b8f936dee47840f1eb2731606ce5ce673ebdde4,https://results.aec.gov.au/31496/Website/Downloads/HouseTppByDivisionDownload-31496.csv,data/raw/aec/2025_federal/31496/final/HouseTppByDivisionDownload-31496.csv
house_tpp_division_vote_type,HouseTppByDivisionByVoteTypeDownload-31496.csv,house,two_party_preferred,150,21346,96037547df22454d8dcda2abcd598e0c5cfe1a6bbbc78c5260572d0fdeb27472,https://results.aec.gov.au/31496/Website/Downloads/HouseTppByDivisionByVoteTypeDownload-31496.csv,data/raw/aec/2025_federal/31496/final/HouseTppByDivisionByVoteTypeDownload-31496.csv
house_tpp_polling,HouseTppByPollingPlaceDownload-31496.csv,house,two_party_preferred_polling_place,8940,593245,b5b54c96260be1d6d32230a33a5741e6f82a20d5ecf0de6aa4f08533b7fef33a,https://results.aec.gov.au/31496/Website/Downloads/HouseTppByPollingPlaceDownload-31496.csv,data/raw/aec/2025_federal/31496/final/HouseTppByPollingPlaceDownload-31496.csv
house_distribution,HouseDopByDivisionDownload-31496.csv,house,distribution_of_preferences,30888,2691352,5964cde553c850202d243992212e83e5b0f307c095f7b32019b615f376f19551,https://results.aec.gov.au/31496/Website/Downloads/HouseDopByDivisionDownload-31496.csv,data/raw/aec/2025_federal/31496/final/HouseDopByDivisionDownload-31496.csv
enrolment_division,GeneralEnrolmentByDivisionDownload-31496.csv,both,enrolment,150,7027,19bc25f89362e14a910b2ed4857459b5daa63c3acba8582a0b9c132fe491c4f3,https://results.aec.gov.au/31496/Website/Downloads/GeneralEnrolmentByDivisionDownload-31496.csv,data/raw/aec/2025_federal/31496/final/GeneralEnrolmentByDivisionDownload-31496.csv
house_informal_division,HouseInformalByDivisionDownload-31496.csv,house,participation,150,7229,52d6201910a2401fbbf3ecb3f87c089aaff268b19ed9f5b463489fcf322078de,https://results.aec.gov.au/31496/Website/Downloads/HouseInformalByDivisionDownload-31496.csv,data/raw/aec/2025_federal/31496/final/HouseInformalByDivisionDownload-31496.csv
house_turnout_division,HouseTurnoutByDivisionDownload-31496.csv,house,participation,150,6565,37ae6598a2b4a54f6a8ad83ee787a1842d73ce82b9a405db3d00d765c34c1526,https://results.aec.gov.au/31496/Website/Downloads/HouseTurnoutByDivisionDownload-31496.csv,data/raw/aec/2025_federal/31496/final/HouseTurnoutByDivisionDownload-31496.csv
house_votes_division,HouseVotesCountedByDivisionDownload-31496.csv,house,participation,150,9717,9a622f83749ef03b0d78171c1d8e93e0e0cd26c4d7dc1a42b2cdfc792f27c612,https://results.aec.gov.au/31496/Website/Downloads/HouseVotesCountedByDivisionDownload-31496.csv,data/raw/aec/2025_federal/31496/final/HouseVotesCountedByDivisionDownload-31496.csv
polling_places,GeneralPollingPlacesDownload-31496.csv,both,reporting_units,8940,1123563,34dd99a7779d97ec2552db7140bda0e201522b9eb08608b64e05f780ce7338d6,https://results.aec.gov.au/31496/Website/Downloads/GeneralPollingPlacesDownload-31496.csv,data/raw/aec/2025_federal/31496/final/GeneralPollingPlacesDownload-31496.csv
senate_candidates,SenateCandidatesDownload-31496.csv,senate,candidates,330,18228,6594918e9b53ac53e65482dde49422bd8e76c34b3d4fe283e88c75913547ec46,https://results.aec.gov.au/31496/Website/Downloads/SenateCandidatesDownload-31496.csv,data/raw/aec/2025_federal/31496/final/SenateCandidatesDownload-31496.csv
senate_elected,SenateSenatorsElectedDownload-31496.csv,senate,outcomes,40,1969,e1c24bfd933feb8b23ea6e451d07e39f70f7af59a1cf991c0e1e1ced42071c01,https://results.aec.gov.au/31496/Website/Downloads/SenateSenatorsElectedDownload-31496.csv,data/raw/aec/2025_federal/31496/final/SenateSenatorsElectedDownload-31496.csv
senate_fp_state_vote_type,SenateFirstPrefsByStateByVoteTypeDownload-31496.csv,senate,first_preferences,448,35481,f80100e04ac3f57783bd8d052f9bd6706f7deb3d9224ef4b6965045695f6583b,https://results.aec.gov.au/31496/Website/Downloads/SenateFirstPrefsByStateByVoteTypeDownload-31496.csv,data/raw/aec/2025_federal/31496/final/SenateFirstPrefsByStateByVoteTypeDownload-31496.csv
senate_fp_division_vote_type,SenateFirstPrefsByDivisionByVoteTypeDownload-31496.csv,senate,first_preferences_division,10854,987489,7b770c8539ea802713f25b7586e8ee23ca436dd1e487886c2d724af03669e5fd,https://results.aec.gov.au/31496/Website/Downloads/SenateFirstPrefsByDivisionByVoteTypeDownload-31496.csv,data/raw/aec/2025_federal/31496/final/SenateFirstPrefsByDivisionByVoteTypeDownload-31496.csv
senate_fp_group_vote_type,SenateFirstPrefsByGroupByVoteTypeDownload-31496.csv,senate,first_preferences_group,33,3663,1b527253ec43188f4d923349344ad3ed3dcb10e588f87daa888fe211c0c31ced,https://results.aec.gov.au/31496/Website/Downloads/SenateFirstPrefsByGroupByVoteTypeDownload-31496.csv,data/raw/aec/2025_federal/31496/final/SenateFirstPrefsByGroupByVoteTypeDownload-31496.csv
senate_fp_state_group_vote_type,SenateFirstPrefsByStateByGroupByVoteTypeDownload-31496.csv,senate,first_preferences_group,123,12036,084c7f88e18f62db0b1a18099b081c7ae12680240435a5f4c9aa14e92b29efd5,https://results.aec.gov.au/31496/Website/Downloads/SenateFirstPrefsByStateByGroupByVoteTypeDownload-31496.csv,data/raw/aec/2025_federal/31496/final/SenateFirstPrefsByStateByGroupByVoteTypeDownload-31496.csv
enrolment_state,GeneralEnrolmentByStateDownload-31496.csv,both,enrolment,8,856,5ad4631b7283944829185b41522fea98c8cf6c6ac540c8f21ee9e0b8d52dd60b,https://results.aec.gov.au/31496/Website/Downloads/GeneralEnrolmentByStateDownload-31496.csv,data/raw/aec/2025_federal/31496/final/GeneralEnrolmentByStateDownload-31496.csv
senate_informal_state,SenateInformalByStateDownload-31496.csv,senate,participation,8,754,f2f356b903cb1f7f03078162cdabf93244c03e099f49ff2a44c07a62f7cfb7c0,https://results.aec.gov.au/31496/Website/Downloads/SenateInformalByStateDownload-31496.csv,data/raw/aec/2025_federal/31496/final/SenateInformalByStateDownload-31496.csv
senate_turnout_state,SenateTurnoutByStateDownload-31496.csv,senate,participation,8,684,a23862f197d2fa231ccad3745c9194d82c95f4e9650022687f99e66c4d6b312a,https://results.aec.gov.au/31496/Website/Downloads/SenateTurnoutByStateDownload-31496.csv,data/raw/aec/2025_federal/31496/final/SenateTurnoutByStateDownload-31496.csv
senate_votes_state,SenateVotesCountedByStateDownload-31496.csv,senate,participation,8,948,8484018813173f027d2530cc7c1a7dcc3d54046d39abbe2621d69af511e48215,https://results.aec.gov.au/31496/Website/Downloads/SenateVotesCountedByStateDownload-31496.csv,data/raw/aec/2025_federal/31496/final/SenateVotesCountedByStateDownload-31496.csv
senate_informal_division,SenateInformalByDivisionDownload-31496.csv,senate,participation_division,150,6379,ecb43bf26a451cf143880dfea9b28735aa0007a54d23aea80638e4dec2232ee7,https://results.aec.gov.au/31496/Website/Downloads/SenateInformalByDivisionDownload-31496.csv,data/raw/aec/2025_federal/31496/final/SenateInformalByDivisionDownload-31496.csv
senate_turnout_division,SenateTurnoutByDivisionDownload-31496.csv,senate,participation_division,150,5784,d6649177a9c3a7c381954be7abd954dbd06a935887a32127ee7b3c92dab16100,https://results.aec.gov.au/31496/Website/Downloads/SenateTurnoutByDivisionDownload-31496.csv,data/raw/aec/2025_federal/31496/final/SenateTurnoutByDivisionDownload-31496.csv
senate_votes_division,SenateVotesCountedByDivisionDownload-31496.csv,senate,participation_division,150,9729,145eaee14bac61487ad411d68830667b755d736ed6eaeaf4042d0387e14d2818,https://results.aec.gov.au/31496/Website/Downloads/SenateVotesCountedByDivisionDownload-31496.csv,data/raw/aec/2025_federal/31496/final/SenateVotesCountedByDivisionDownload-31496.csv
senate_distribution,SenateDopDownload-31496.zip,senate,distribution_of_preferences,67483,543243,a86b591b422218fd9b2f43f4adcf061007b731f0d740a614e1cfa3cf64392b1e,https://results.aec.gov.au/31496/Website/External/SenateDopDownload-31496.zip,data/raw/aec/2025_federal/31496/final/SenateDopDownload-31496.zip
senate_formal_preferences_nsw,aec-senate-formalpreferences-31496-NSW.zip,senate,formal_preferences,4986832,41830246,0ad82e3067c0eddfdfa7df9dfc82b370d217c393f48b8c323006f936324396b0,https://results.aec.gov.au/31496/Website/External/aec-senate-formalpreferences-31496-NSW.zip,data/raw/aec/2025_federal/31496/final/aec-senate-formalpreferences-31496-NSW.zip
senate_formal_preferences_vic,aec-senate-formalpreferences-31496-VIC.zip,senate,formal_preferences,4101762,34306757,71cfd2168dc8295dfd33a19e321c2fe2d96edfb229d16a002e30e9d23e67aeca,https://results.aec.gov.au/31496/Website/External/aec-senate-formalpreferences-31496-VIC.zip,data/raw/aec/2025_federal/31496/final/aec-senate-formalpreferences-31496-VIC.zip
senate_formal_preferences_qld,aec-senate-formalpreferences-31496-QLD.zip,senate,formal_preferences,3224436,28575574,0a25d5015b7dbfcb05e3140c8a890a96aa323e1fce6c34596a384d6d87471c90,https://results.aec.gov.au/31496/Website/External/aec-senate-formalpreferences-31496-QLD.zip,data/raw/aec/2025_federal/31496/final/aec-senate-formalpreferences-31496-QLD.zip
senate_formal_preferences_wa,aec-senate-formalpreferences-31496-WA.zip,senate,formal_preferences,1622016,13967111,c8ce58e7bedcb2c0e26308adf871cc7d3d9c4cbe986b5105e4f59472f0947846,https://results.aec.gov.au/31496/Website/External/aec-senate-formalpreferences-31496-WA.zip,data/raw/aec/2025_federal/31496/final/aec-senate-formalpreferences-31496-WA.zip
senate_formal_preferences_sa,aec-senate-formalpreferences-31496-SA.zip,senate,formal_preferences,1164072,10106248,f33526464953681e00cb99d1378dce5408db3962511d2f033952033d35983168,https://results.aec.gov.au/31496/Website/External/aec-senate-formalpreferences-31496-SA.zip,data/raw/aec/2025_federal/31496/final/aec-senate-formalpreferences-31496-SA.zip
senate_formal_preferences_tas,aec-senate-formalpreferences-31496-TAS.zip,senate,formal_preferences,371790,3717829,704b67fa2b754866086c6151694623069ce74364e3473aa1c2fd5fa812545523,https://results.aec.gov.au/31496/Website/External/aec-senate-formalpreferences-31496-TAS.zip,data/raw/aec/2025_federal/31496/final/aec-senate-formalpreferences-31496-TAS.zip
senate_formal_preferences_act,aec-senate-formalpreferences-31496-ACT.zip,senate,formal_preferences,293474,2013634,320b42fd26a45d8719efc9c54c5cc9f3d8b4370d95365b109fd2087beff1c28a,https://results.aec.gov.au/31496/Website/External/aec-senate-formalpreferences-31496-ACT.zip,data/raw/aec/2025_federal/31496/final/aec-senate-formalpreferences-31496-ACT.zip
senate_formal_preferences_nt,aec-senate-formalpreferences-31496-NT.zip,senate,formal_preferences,106807,783339,00526d34f8dd598c8453db2136de38117513b345ecadd982ce1ad1a60cc1d4fc,https://results.aec.gov.au/31496/Website/External/aec-senate-formalpreferences-31496-NT.zip,data/raw/aec/2025_federal/31496/final/aec-senate-formalpreferences-31496-NT.zip
